DATE,20260303
BASKET_CODE,BASKET_NAME,BASKET_TICKER,CUSIP,TICKER,SEDOL,ISIN,DESCRIPTION,SHARES,LOCAL_PRICE,FOREX,BASE_PRICE,BASE_INTEREST,BASE_MV,INT_FACTOR,PAR_ADJUSTMENT_FACTOR
HR21A,Harvest Tech Achievers Growth & Income ETF Class A,'HTA,,,,,FWDCAD,451555,1,1,1,0,451555,0,1
HR21A,Harvest Tech Achievers Growth & Income ETF Class A,'HTA,,,,,FWDUSD20260326,-127740,1.365607,1,1.365607,0,-174442.64,0,1
HR21A,Harvest Tech Achievers Growth & Income ETF Class A,'HTA,,,,,FWDUSD20260305,-59702,1.366841,1,1.366841,0,-81603.14,0,1
HR21A,Harvest Tech Achievers Growth & Income ETF Class A,'HTA,,,,,FWDUSD20260320,-47368,1.365959,1,1.365959,0,-64702.75,0,1
HR21A,Harvest Tech Achievers Growth & Income ETF Class A,'HTA,,,,,FWDUSD20260402,-97715,1.365197,1,1.365197,0,-133400.22,0,1
HR21A,Harvest Tech Achievers Growth & Income ETF Class A,'HTA,'ADI38PMR0,'CSCO 3 C79,,,CISCO SYSTEMS INC,-1,1.97,.731582,2.692795,0,-269.28,0,1
HR21B,Harvest Tech Achievers Growth & Income ETF Class B,'HTA.B,'ADI38PMR0,'CSCO 3 C79,,,CISCO SYSTEMS INC,-1,1.97,.731582,2.692795,0,-269.28,0,1
HR21U,Harvest Tech Achievers Growth & Income ETF Class U,'HTA.U,'ADI38PMR0,'CSCO 3 C79,,,CISCO SYSTEMS INC,-1,1.97,1,1.97,0,-197,0,1
HRA1A,Harvest Healthcare Leaders Enhanced Income ETF Class A,'HHLE,'14799D9W9,,,,CASH COUPON CAD,-56000,100,1,100,0,-56000,0,1
HRA3A,Harvest Tech Achievers Enhanced Income ETF Class A,'HTAE,'14799D9W9,,,,CASH COUPON CAD,-95000,100,1,100,0,-95000,0,1
HRA4A,Harvest Equal Weight Global Utilities Enhanced Income ETF Class A,'HUTE,'14799D9W9,,,,CASH COUPON CAD,-78000,100,1,100,0,-78000,0,1
HRA7A,Harvest Block Enhanced High Income Shares ETF Class A,'BLKY,'14799D9S8,,,,CASH COUPON USD,-50000,100,.731582,136.690077,0,-68345.04,0,1
HRA7A,Harvest Block Enhanced High Income Shares ETF Class A,'BLKY,'ADI38KX16,'XYZ 3 C53,,,BLOCK INC,-16,9.9,.731582,13.532318,0,-21651.71,0,1
HRA8A,Harvest CrowdStrike Enhanced High Income Shares ETF Class A,'CRWY,'14799D9S8,,,,CASH COUPON USD,-43000,100,.731582,136.690077,0,-58776.73,0,1
HRA8A,Harvest CrowdStrike Enhanced High Income Shares ETF Class A,'CRWY,'ADI38NRH2,'CRWD 3 C430,,,CROWDSTRIKE HOLDINGS INC,-2,8.05,.731582,11.003551,0,-2200.71,0,1
HRA9A,Harvest JnJ Enhanced High Income Shares ETF Class A,'JNJY,'14799D9S8,,,,CASH COUPON USD,-62000,100,.731582,136.690077,0,-84747.85,0,1
HRA9A,Harvest JnJ Enhanced High Income Shares ETF Class A,'JNJY,'ADI38F6P4,'JNJ 3 C250,,,JOHNSON +JOHNSON,-2,4.2,.731582,5.740983,0,-1148.2,0,1
HRA9A,Harvest JnJ Enhanced High Income Shares ETF Class A,'JNJY,'ADI38PNB4,'JNJ 4 C250,,,JOHNSON +JOHNSON,-2,5.07,.731582,6.930187,0,-1386.04,0,1
HRASA,Harvest Premium Yield Treasury ETF Class A,'HPYT,,,,,FWDCAD,218188,1,1,1,0,218188,0,1
HRASA,Harvest Premium Yield Treasury ETF Class A,'HPYT,,,,,FWDUSD20260326,-62689,1.365607,1,1.365607,0,-85608.54,0,1
HRASA,Harvest Premium Yield Treasury ETF Class A,'HPYT,,,,,FWDUSD20260305,-98529,1.366841,1,1.366841,0,-134673.48,0,1
HRASA,Harvest Premium Yield Treasury ETF Class A,'HPYT,'ADI38KWM1,'TLT 3 C90,,,ISHARES 20+ YEAR TREASURY BOND,-4,.46,.731582,.628774,0,-251.51,0,1
HRASA,Harvest Premium Yield Treasury ETF Class A,'HPYT,'ADI38NRF6,'EDV 3 C68,,,VANGUARD EXTENDED DURATION TRE,-1,.75,.731582,1.025176,0,-102.52,0,1
HRASA,Harvest Premium Yield Treasury ETF Class A,'HPYT,'ADI38GKK7,'TLT 3 C90,,,ISHARES 20+ YEAR TREASURY BOND,-4,.67,.731582,.915824,0,-366.33,0,1
HRASB,Harvest Premium Yield Treasury ETF - Class B,'HPYT.B,'ADI38KWM1,'TLT 3 C90,,,ISHARES 20+ YEAR TREASURY BOND,-4,.46,.731582,.628774,0,-251.51,0,1
HRASB,Harvest Premium Yield Treasury ETF - Class B,'HPYT.B,'ADI38NRF6,'EDV 3 C68,,,VANGUARD EXTENDED DURATION TRE,-1,.75,.731582,1.025176,0,-102.52,0,1
HRASB,Harvest Premium Yield Treasury ETF - Class B,'HPYT.B,'ADI38GKK7,'TLT 3 C90,,,ISHARES 20+ YEAR TREASURY BOND,-4,.67,.731582,.915824,0,-366.33,0,1
HRASU,Harvest Premium Yield Treasury ETF Class U,'HPYT.U,'ADI38KWM1,'TLT 3 C90,,,ISHARES 20+ YEAR TREASURY BOND,-5,.46,1,.46,0,-230,0,1
HRASU,Harvest Premium Yield Treasury ETF Class U,'HPYT.U,'ADI38NRF6,'EDV 3 C68,,,VANGUARD EXTENDED DURATION TRE,-1,.75,1,.75,0,-75,0,1
HRASU,Harvest Premium Yield Treasury ETF Class U,'HPYT.U,'ADI38GKK7,'TLT 3 C90,,,ISHARES 20+ YEAR TREASURY BOND,-5,.67,1,.67,0,-335,0,1
HRAXA,Harvest Diversified Monthly Income ETF Class A,'HDIF,'14799D9W9,,,,CASH COUPON CAD,-55000,100,1,100,0,-55000,0,1
HRAXAPR,Harvest Diversified Monthly Income ETF Class A iNAV,'HDIF,'14799D9W9,,,,CASH COUPON CAD,-2212000,100,1,100,0,-2212000,0,1
HRCFA,Harvest JPHE Enhanced High Income Shares ETF Class A,'JPHE,'14799D9S8,,,,CASH COUPON USD,-51000,100,.731582,136.690077,0,-69711.94,0,1
HRCFA,Harvest JPHE Enhanced High Income Shares ETF Class A,'JPHE,'ADI38CLM1,'JPM 3 C310,,,JPMORGAN CHASE + CO,-1,.74,.731582,1.011507,0,-101.15,0,1
HRCFA,Harvest JPHE Enhanced High Income Shares ETF Class A,'JPHE,'ADI38D323,'JPM 3 C310,,,JPMORGAN CHASE + CO,-1,3.75,.731582,5.125878,0,-512.59,0,1
HRCFA,Harvest JPHE Enhanced High Income Shares ETF Class A,'JPHE,'ADI38NRG4,'JPM 3 C315,,,JPMORGAN CHASE + CO,-1,2.45,.731582,3.348907,0,-334.89,0,1
HRCGA,Harvest Novo Enhanced High Income Shares ETF Class A,'NOVY,'14799D9S8,,,,CASH COUPON USD,-28000,100,.731582,136.690077,0,-38273.22,0,1
HRCGA,Harvest Novo Enhanced High Income Shares ETF Class A,'NOVY,'ADI38CLL3,'NVO 3 C61,,,NOVO NORDISK A/S,-2,1.065,.731582,1.455749,0,-291.15,0,1
HRCGA,Harvest Novo Enhanced High Income Shares ETF Class A,'NOVY,'ADI38GSJ2,'NVO 3 C48,,,NOVO NORDISK A/S,-2,.03,.731582,.041007,0,-8.2,0,1
HRCGA,Harvest Novo Enhanced High Income Shares ETF Class A,'NOVY,'ADI38KX08,'NVO 3 C50,,,NOVO NORDISK A/S,-6,.05,.731582,.068345,0,-41.01,0,1
HRCGA,Harvest Novo Enhanced High Income Shares ETF Class A,'NOVY,'ADI38S1K2,'NVO 4 C39,,,NOVO NORDISK A/S,-3,.9,.731582,1.230211,0,-369.06,0,1
HRCHA,Harvest Oracle Enhanced High Income Shares ETF Class A,'ORCY,'14799D9S8,,,,CASH COUPON USD,-36000,100,.731582,136.690077,0,-49208.43,0,1
HRCHA,Harvest Oracle Enhanced High Income Shares ETF Class A,'ORCY,'ADI38CLN9,'ORCL 3 C170,,,ORACLE CORP,-1,.13,.731582,.177697,0,-17.77,0,1
HRCHA,Harvest Oracle Enhanced High Income Shares ETF Class A,'ORCY,'ADI38GSF0,'ORCL 3 C145,,,ORACLE CORP,-1,6.35,.731582,8.67982,0,-867.98,0,1
HRCHA,Harvest Oracle Enhanced High Income Shares ETF Class A,'ORCY,'ADI38KX57,'ORCL 3 C170,,,ORACLE CORP,-1,3.95,.731582,5.399258,0,-539.93,0,1
HRCHA,Harvest Oracle Enhanced High Income Shares ETF Class A,'ORCY,'ADI38NRC3,'ORCL 3 C155,,,ORACLE CORP,-1,8.45,.731582,11.550312,0,-1155.03,0,1
HRCHA,Harvest Oracle Enhanced High Income Shares ETF Class A,'ORCY,'ADI38S1R7,'ORCL 4 C145,,,ORACLE CORP,-1,14.85,.731582,20.298476,0,-2029.85,0,1
HRCJA,Harvest Premium Yield Canadian Bank ETF Class A,'HPYB,'ADI38JLH7,'1BNS 3 P100,,,BANK OF NOVA SCOTIA/THE,-1,1.25,1,1.25,0,-125,0,1
HRCJA,Harvest Premium Yield Canadian Bank ETF Class A,'HPYB,'ADI38JPJ9,'1CM 3 P126,,,CANADIAN IMPERIAL BANK OF COMM,-1,.14,1,.14,0,-14,0,1
HRCJA,Harvest Premium Yield Canadian Bank ETF Class A,'HPYB,'ADI38JND4,'1TD 3 P128,,,TORONTO-DOMINION BANK/THE,-1,.46,1,.46,0,-46,0,1
HRCJA,Harvest Premium Yield Canadian Bank ETF Class A,'HPYB,'ADI38KZY2,'BNS 3 C110,,,BANK OF NOVA SCOTIA/THE,-1,.05,1,.05,0,-5,0,1
HRCJA,Harvest Premium Yield Canadian Bank ETF Class A,'HPYB,'ADI38NPV3,'TD 3 C138,,,TORONTO-DOMINION BANK/THE,-1,.7,1,.7,0,-70,0,1
HRCJA,Harvest Premium Yield Canadian Bank ETF Class A,'HPYB,'ADI38NZV2,'NA 3 C184,,,NATIONAL BANK OF CANADA,-1,8.475,1,8.475,0,-847.5,0,1
HRCJA,Harvest Premium Yield Canadian Bank ETF Class A,'HPYB,'ADI38PG14,'BNS 3 P102,,,BANK OF NOVA SCOTIA/THE,-2,2.27,1,2.27,0,-454,0,1
HRCJA,Harvest Premium Yield Canadian Bank ETF Class A,'HPYB,'ADI38PGP1,'CM 3 C142,,,CANADIAN IMPERIAL BANK OF COMM,-1,.785,1,.785,0,-78.5,0,1
HRCJA,Harvest Premium Yield Canadian Bank ETF Class A,'HPYB,'ADI38PG63,'RY 3 P226,,,ROYAL BANKOF CANADA,-1,3.5,1,3.5,0,-350,0,1
HRCJA,Harvest Premium Yield Canadian Bank ETF Class A,'HPYB,'ADI38RDY1,'CM 3 P138,,,CANADIAN IMPERIAL BANK OF COMM,-1,4.05,1,4.05,0,-405,0,1
HRCJA,Harvest Premium Yield Canadian Bank ETF Class A,'HPYB,'ADI38RCZ9,'NA 3 P182,,,NATIONAL BANK OF CANADA,-1,1.205,1,1.205,0,-120.5,0,1
HRCJA,Harvest Premium Yield Canadian Bank ETF Class A,'HPYB,'ADI38RF03,'TD 3 P128,,,TORONTO-DOMINION BANK/THE,-1,1.4,1,1.4,0,-140,0,1
HRCJA,Harvest Premium Yield Canadian Bank ETF Class A,'HPYB,'ADI38RDZ8,'BMO 3 P196,,,BANK OF MONTREAL,-1,3.375,1,3.375,0,-337.5,0,1
HRCLA,Harvest Premium Yield Enhanced ETF Class A,'HPYE,'ADI38PFK3,'BAC 3 P47.5,,,BANK OF AMERICA CORP,-1,.63,.731582,.861147,0,-86.11,0,1
HRQ1A,Harvest Canadian High Income Shares ETF Class A ,'HHIC,'14799D9W9,,,,CASH COUPON CAD,-90000,100,1,100,0,-90000,0,1
HRQ1A,Harvest Canadian High Income Shares ETF Class A ,'HHIC,'ADI38KVP5,'ENB 3 C75,,,ENBRIDGE INC,-1,.76,1,.76,0,-76,0,1
HRQ1A,Harvest Canadian High Income Shares ETF Class A ,'HHIC,'ADI38NP76,'AEM 3 C320,,,AGNICO EAGLE MINES LTD,-1,13,1,13,0,-1300,0,1
HRQ1A,Harvest Canadian High Income Shares ETF Class A ,'HHIC,'ADI38NPQ4,'BCE 3 C35.5,,,BCE INC,-2,.79,1,.79,0,-158,0,1
HRQ1A,Harvest Canadian High Income Shares ETF Class A ,'HHIC,'ADI38NLY1,'CCO 3 C170,,,CAMECO CORP,-1,6.15,1,6.15,0,-615,0,1
HRQ1A,Harvest Canadian High Income Shares ETF Class A ,'HHIC,'ADI38NN60,'CNQ 3 C59,,,CANADIAN NATURAL RESOURCES LTD,-2,2.675,1,2.675,0,-535,0,1
HRQ1A,Harvest Canadian High Income Shares ETF Class A ,'HHIC,'ADI38NNS2,'RY 3 C238,,,ROYAL BANKOF CANADA,-1,.65,1,.65,0,-65,0,1
HRQ1A,Harvest Canadian High Income Shares ETF Class A ,'HHIC,'ADI38NNZ6,'SHOP 3 C180,,,SHOPIFY INC,-1,2.93,1,2.93,0,-293,0,1
HRQ1A,Harvest Canadian High Income Shares ETF Class A ,'HHIC,'ADI38NP01,'SU 3 C78,,,SUNCOR ENERGY INC,-2,1.8,1,1.8,0,-360,0,1
HRQ1A,Harvest Canadian High Income Shares ETF Class A ,'HHIC,'ADI38NPS0,'T 3 C19,,,TELUS CORP,-4,.105,1,.105,0,-42,0,1
HRQ1A,Harvest Canadian High Income Shares ETF Class A ,'HHIC,'ADI38LS44,'TD 3 C135,,,TORONTO-DOMINION BANK/THE,-1,1.79,1,1.79,0,-179,0,1
HRQ1A,Harvest Canadian High Income Shares ETF Class A ,'HHIC,'ADI38NP35,'ENB 3 C72,,,ENBRIDGE INC,-2,2.63,1,2.63,0,-526,0,1
HRQ2A,Harvest Cameco Enhanced High Income Shares ETF,'CCOE,'14799D9W9,,,,CASH COUPON CAD,-110000,100,1,100,0,-110000,0,1
HRQ2A,Harvest Cameco Enhanced High Income Shares ETF,'CCOE,'ADI38GS11,'1CCO 3 C160,,,CAMECO CORP,-4,4.675,1,4.675,0,-1870,0,1
HRQ2A,Harvest Cameco Enhanced High Income Shares ETF,'CCOE,'ADI38NLY1,'CCO 3 C170,,,CAMECO CORP,-7,6.15,1,6.15,0,-4305,0,1
HRQ3A,Harvest Agnico Eagle Enhanced High Income Shares ETF,'AEME,'14799D9W9,,,,CASH COUPON CAD,-125000,100,1,100,0,-125000,0,1
HRQ3A,Harvest Agnico Eagle Enhanced High Income Shares ETF,'AEME,'ADI38NTM9,'AEM 3 C315,,,AGNICO EAGLE MINES LTD,-3,17.85,1,17.85,0,-5355,0,1
HRQ3A,Harvest Agnico Eagle Enhanced High Income Shares ETF,'AEME,'ADI38S1S5,'1AEM 4 C350,,,AGNICO EAGLE MINES LTD,-3,8.25,1,8.25,0,-2475,0,1
HRQ4A,Harvest Robinhood Enhanced High Income Shares ETF Class A,'HODY,'14799D9S8,,,,CASH COUPON USD,-27000,100,.731582,136.690077,0,-36906.32,0,1
HRQ4A,Harvest Robinhood Enhanced High Income Shares ETF Class A,'HODY,'ADI38GQT2,'HOOD 3 C87,,,ROBINHOODMARKETS INC,-3,.1,.731582,.13669,0,-41.01,0,1
HRQ4A,Harvest Robinhood Enhanced High Income Shares ETF Class A,'HODY,'ADI38NNL7,'HOOD 3 C80,,,ROBINHOODMARKETS INC,-4,3.05,.731582,4.169047,0,-1667.62,0,1
HRQ5A,Harvest Circle Enhanced High Income Shares ETF Class A,'CRCY,'14799D9S8,,,,CASH COUPON USD,-28000,100,.731582,136.690077,0,-38273.22,0,1
HRQ5A,Harvest Circle Enhanced High Income Shares ETF Class A,'CRCY,'ADI38GQM7,'CRCL 3 C60,,,CIRCLE INTERNET GROUP INC,-2,43.12,.731582,58.940761,0,-11788.15,0,1
HRQ5A,Harvest Circle Enhanced High Income Shares ETF Class A,'CRCY,'ADI38NN52,'CRCL 3 C65,,,CIRCLE INTERNET GROUP INC,-4,38.99,.731582,53.295461,0,-21318.18,0,1
HRQ6A,Harvest Reddit Enhanced High Income Shares ETF Class A,'RDDY,'14799D9S8,,,,CASH COUPON USD,-24000,100,.731582,136.690077,0,-32805.62,0,1
HRQ6A,Harvest Reddit Enhanced High Income Shares ETF Class A,'RDDY,'ADI38GSG8,'RDDT 3 C150,,,REDDIT INC,-1,2.42,.731582,3.3079,0,-330.79,0,1
HRQ6A,Harvest Reddit Enhanced High Income Shares ETF Class A,'RDDY,'ADI38NRB5,'RDDT 3 C155,,,REDDIT INC,-2,5.3,.731582,7.244574,0,-1448.91,0,1
HRQ7A,Harvest SoFi Enhanced High Income Shares ETF Class A,'SOFY,'14799D9S8,,,,CASH COUPON USD,-29000,100,.731582,136.690077,0,-39640.12,0,1
HRQ7A,Harvest SoFi Enhanced High Income Shares ETF Class A,'SOFY,'ADI38GS78,'SOFI 3 C22,,,SOFI TECHNOLOGIES INC,-9,.01,.731582,.013669,0,-12.3,0,1
HRQ7A,Harvest SoFi Enhanced High Income Shares ETF Class A,'SOFY,'ADI38NP84,'SOFI 3 C20,,,SOFI TECHNOLOGIES INC,-19,.53,.731582,.724457,0,-1376.47,0,1
HRQAA,Harvest Canadian Equity Income Leaders ETF Class A,'HLIF,'ADI38LY88,'CU 3 C47,,,CANADIAN UTILITIES LTD,-1,1.3,1,1.3,0,-130,0,1
HRQAA,Harvest Canadian Equity Income Leaders ETF Class A,'HLIF,'ADI38NPQ4,'BCE 3 C35.5,,,BCE INC,-1,.79,1,.79,0,-79,0,1
HRQAA,Harvest Canadian Equity Income Leaders ETF Class A,'HLIF,'ADI38NLJ4,'CVE 3 C32.5,,,CENOVUS ENERGY INC,-1,.4,1,.4,0,-40,0,1
HRQAA,Harvest Canadian Equity Income Leaders ETF Class A,'HLIF,'ADI38NPP6,'CNQ 3 C60,,,CANADIAN NATURAL RESOURCES LTD,-1,1.95,1,1.95,0,-195,0,1
HRQAA,Harvest Canadian Equity Income Leaders ETF Class A,'HLIF,'ADI38NNT0,'KEY 3 C52,,,KEYERA CORP,-1,1.05,1,1.05,0,-105,0,1
HRQBA,Harvest Amazon High Income Shares ETF Class A,'AMZH,'ADI38GQN5,'AMZN 3 C220,,,AMAZON.COMINC,-1,.15,.731582,.205035,0,-20.5,0,1
HRQBA,Harvest Amazon High Income Shares ETF Class A,'AMZH,'ADI38K5G4,'AMZN 3 C215,,,AMAZON.COMINC,-2,3.7,.731582,5.057533,0,-1011.51,0,1
HRQBU,Harvest Amazon High Income Shares ETF Class U,'AMZH.U,'ADI38GQN5,'AMZN 3 C220,,,AMAZON.COMINC,-2,.15,1,.15,0,-30,0,1
HRQBU,Harvest Amazon High Income Shares ETF Class U,'AMZH.U,'ADI38K5G4,'AMZN 3 C215,,,AMAZON.COMINC,-2,3.7,1,3.7,0,-740,0,1
HRQDA,Harvest Amazon Enhanced High Income Shares ETF Class A,'AMHE,'14799D9S8,,,,CASH COUPON USD,-52000,100,.731582,136.690077,0,-71078.84,0,1
HRQDA,Harvest Amazon Enhanced High Income Shares ETF Class A,'AMHE,'ADI38GQN5,'AMZN 3 C220,,,AMAZON.COMINC,-2,.15,.731582,.205035,0,-41.01,0,1
HRQDA,Harvest Amazon Enhanced High Income Shares ETF Class A,'AMHE,'ADI38K5G4,'AMZN 3 C215,,,AMAZON.COMINC,-2,3.7,.731582,5.057533,0,-1011.51,0,1
HRQDU,Harvest Amazon Enhanced High Income Shares ETF Class U,'AMHE.U,'14799D9S8,,,,CASH COUPON USD,-71000,100,1,100,0,-71000,0,1
HRQDU,Harvest Amazon Enhanced High Income Shares ETF Class U,'AMHE.U,'ADI38GQN5,'AMZN 3 C220,,,AMAZON.COMINC,-3,.15,1,.15,0,-45,0,1
HRQDU,Harvest Amazon Enhanced High Income Shares ETF Class U,'AMHE.U,'ADI38K5G4,'AMZN 3 C215,,,AMAZON.COMINC,-3,3.7,1,3.7,0,-1110,0,1
HRQEA
HRQEU
HRQFA,Harvest AMD Enhanced High Income Shares ETF - Class A,'AMDY,'14799D9S8,,,,CASH COUPON USD,-74000,100,.731582,136.690077,0,-101150.66,0,1
HRQFA,Harvest AMD Enhanced High Income Shares ETF - Class A,'AMDY,'ADI38GS03,'AMD 3 C215,,,ADVANCED MICRO DEVICES INC,-2,.13,.731582,.177697,0,-35.54,0,1
HRQFA,Harvest AMD Enhanced High Income Shares ETF - Class A,'AMDY,'ADI38NNV5,'AMD 3 C210,,,ADVANCED MICRO DEVICES INC,-4,2.85,.731582,3.895667,0,-1558.27,0,1
HRQGA,Harvest Broadcom Enhanced High Income Shares ETF - Class A,'AVGY,'14799D9S8,,,,CASH COUPON USD,-75000,100,.731582,136.690077,0,-102517.56,0,1
HRQGA,Harvest Broadcom Enhanced High Income Shares ETF - Class A,'AVGY,'ADI38GS37,'AVGO 3 C340,,,BROADCOM INC,-2,4.15,.731582,5.672638,0,-1134.53,0,1
HRQGA,Harvest Broadcom Enhanced High Income Shares ETF - Class A,'AVGY,'ADI38NRD1,'AVGO 3 C350,,,BROADCOM INC,-2,6.25,.731582,8.54313,0,-1708.63,0,1
HRQHA,Harvest Coinbase Enhanced High Income Shares ETF - Class A,'CNYE,'14799D9S8,,,,CASH COUPON USD,-26000,100,.731582,136.690077,0,-35539.42,0,1
HRQHA,Harvest Coinbase Enhanced High Income Shares ETF - Class A,'CNYE,'ADI38GQQ8,'COIN 3 C170,,,COINBASE GLOBAL INC,-1,14.07,.731582,19.232294,0,-1923.23,0,1
HRQHA,Harvest Coinbase Enhanced High Income Shares ETF - Class A,'CNYE,'ADI38NLH8,'COIN 3 C175,,,COINBASE GLOBAL INC,-2,16.25,.731582,22.212138,0,-4442.43,0,1
HRQJA,Harvest Bitcoin Enhanced Income ETF Class A,'HBIX,'14799D9S8,,,,CASH COUPON USD,-30000,100,.731582,136.690077,0,-41007.02,0,1
HRQJA,Harvest Bitcoin Enhanced Income ETF Class A,'HBIX,'ADI38GRZ7,'IBIT 3 C42,,,ISHARES BITCOIN TRUST ETF,-6,.07,.731582,.095683,0,-57.41,0,1
HRQJA,Harvest Bitcoin Enhanced Income ETF Class A,'HBIX,'ADI38NMT1,'IBIT 3 C40,,,ISHARES BITCOIN TRUST ETF,-7,1.23,.731582,1.681288,0,-1176.9,0,1
HRQLA,Harvest Bitcoin Leaders Enhanced Income ETF Class A,'HBTE,'14799D9S8,,,,CASH COUPON USD,-62000,100,.731582,136.690077,0,-84747.85,0,1
HRQLA,Harvest Bitcoin Leaders Enhanced Income ETF Class A,'HBTE,'ADI38NNL7,'HOOD 3 C80,,,ROBINHOODMARKETS INC,-1,3.05,.731582,4.169047,0,-416.9,0,1
HRQLA,Harvest Bitcoin Leaders Enhanced Income ETF Class A,'HBTE,'ADI38NPB7,'BTDR 3 C10,,,BITDEER TECHNOLOGIES GROUP,-2,.15,.731582,.205035,0,-41.01,0,1
HRQLA,Harvest Bitcoin Leaders Enhanced Income ETF Class A,'HBTE,'ADI38NN78,'CIFR 3 C16,,,CIPHER DIGITAL INC,-3,.88,.731582,1.202873,0,-360.86,0,1
HRQLA,Harvest Bitcoin Leaders Enhanced Income ETF Class A,'HBTE,'ADI38NLW5,'CLSK 3 C10,,,CLEANSPARKINC,-2,.84,.731582,1.148197,0,-229.64,0,1
HRQLA,Harvest Bitcoin Leaders Enhanced Income ETF Class A,'HBTE,'ADI38NN94,'COIN 3 C180,,,COINBASE GLOBAL INC,-1,12.86,.731582,17.578344,0,-1757.83,0,1
HRQLA,Harvest Bitcoin Leaders Enhanced Income ETF Class A,'HBTE,'ADI38NND5,'CORZ 3 C18,,,CORE SCIENTIFIC INC,-3,.44,.731582,.601436,0,-180.43,0,1
HRQLA,Harvest Bitcoin Leaders Enhanced Income ETF Class A,'HBTE,'ADI38NNF0,'GLXY 3 C31.5,,,GALAXY DIGITAL INC,-3,1.205,1,1.205,0,-361.5,0,1
HRQLA,Harvest Bitcoin Leaders Enhanced Income ETF Class A,'HBTE,'ADI38NLV7,'HUT 3 C55,,,HUT 8 CORP,-1,2.13,.731582,2.911499,0,-291.15,0,1
HRQLA,Harvest Bitcoin Leaders Enhanced Income ETF Class A,'HBTE,'ADI38NMT1,'IBIT 3 C40,,,ISHARES BITCOIN TRUST ETF,-2,1.23,.731582,1.681288,0,-336.26,0,1
HRQLA,Harvest Bitcoin Leaders Enhanced Income ETF Class A,'HBTE,'ADI38NN11,'IREN 3 C45,,,IREN LTD,-2,1.59,.731582,2.173372,0,-434.67,0,1
HRQLA,Harvest Bitcoin Leaders Enhanced Income ETF Class A,'HBTE,'ADI38NMQ7,'MARA 3 C9,,,MARA HOLDINGS INC,-3,.6,.731582,.82014,0,-246.04,0,1
HRQLA,Harvest Bitcoin Leaders Enhanced Income ETF Class A,'HBTE,'ADI38NLL9,'MSTR 3 C140,,,STRATEGY INC,-1,5.94,.731582,8.119391,0,-811.94,0,1
HRQLA,Harvest Bitcoin Leaders Enhanced Income ETF Class A,'HBTE,'ADI38NMP9,'RIOT 3 C17,,,RIOT PLATFORMS INC,-3,.62,.731582,.847478,0,-254.24,0,1
HRQLA,Harvest Bitcoin Leaders Enhanced Income ETF Class A,'HBTE,'ADI38NN03,'WULF 3 C16,,,TERAWULF INC,-4,.82,.731582,1.120859,0,-448.34,0,1
HRQLA,Harvest Bitcoin Leaders Enhanced Income ETF Class A,'HBTE,'ADI38NLP0,'XYZ 3 C55,,,BLOCK INC,-2,8.6,.731582,11.755347,0,-2351.07,0,1
HRQLA,Harvest Bitcoin Leaders Enhanced Income ETF Class A,'HBTE,'ADI38NMZ7,'BLSH 3 C35,,,BULLISH,-1,1.46,.731582,1.995675,0,-199.57,0,1
HRQMA,Harvest Low Volatility Canadian Equity Income ETF Class A,'HVOI,'ADI38KVP5,'ENB 3 C75,,,ENBRIDGE INC,-1,.76,1,.76,0,-76,0,1
HRQMA,Harvest Low Volatility Canadian Equity Income ETF Class A,'HVOI,'ADI38NPS0,'T 3 C19,,,TELUS CORP,-1,.105,1,.105,0,-10.5,0,1
HRQNA
HRQOA,Harvest Apple Enhanced High Income Shares ETF Class A,'APLE,'14799D9S8,,,,CASH COUPON USD,-71000,100,.731582,136.690077,0,-97049.95,0,1
HRQOA,Harvest Apple Enhanced High Income Shares ETF Class A,'APLE,'ADI38GS52,'AAPL 3 C280,,,APPLE INC,-2,.04,.731582,.054676,0,-10.94,0,1
HRQOA,Harvest Apple Enhanced High Income Shares ETF Class A,'APLE,'ADI388X54,'AAPL 3 C270,,,APPLE INC,-2,3.8,.731582,5.194223,0,-1038.84,0,1
HRQPA,Harvest High Income Equity Shares ETF Class A,'HHIH,'ADI38NP84,'SOFI 3 C20,,,SOFI TECHNOLOGIES INC,-1,.53,.731582,.724457,0,-72.45,0,1
HRQRA,Harvest CNQ Enhanced High Income Shares ETF Class A,'CNQE,'14799D9W9,,,,CASH COUPON CAD,-105000,100,1,100,0,-105000,0,1
HRQRA,Harvest CNQ Enhanced High Income Shares ETF Class A,'CNQE,'ADI38GS29,'1CNQ 3 C54,,,CANADIAN NATURAL RESOURCES LTD,-13,6.475,1,6.475,0,-8417.5,0,1
HRQRA,Harvest CNQ Enhanced High Income Shares ETF Class A,'CNQE,'ADI38NN60,'CNQ 3 C59,,,CANADIAN NATURAL RESOURCES LTD,-19,2.675,1,2.675,0,-5082.5,0,1
HRQSA,Harvest Enbridge Enhanced High Income Shares ETF,'ENBE,'14799D9W9,,,,CASH COUPON CAD,-82000,100,1,100,0,-82000,0,1
HRQSA,Harvest Enbridge Enhanced High Income Shares ETF,'ENBE,'ADI38KVP5,'ENB 3 C75,,,ENBRIDGE INC,-8,.76,1,.76,0,-608,0,1
HRQSA,Harvest Enbridge Enhanced High Income Shares ETF,'ENBE,'ADI38KWN9,'1ENB 3 C74,,,ENBRIDGE INC,-8,.6,1,.6,0,-480,0,1
HRQSA,Harvest Enbridge Enhanced High Income Shares ETF,'ENBE,'ADI38NTR8,'ENB 3 C71,,,ENBRIDGE INC,-1,3.675,1,3.675,0,-367.5,0,1
HRQUA,Harvest Royal Bank Enhanced High Income Shares ETF,'RYHE,'14799D9W9,,,,CASH COUPON CAD,-86000,100,1,100,0,-86000,0,1
HRQUA,Harvest Royal Bank Enhanced High Income Shares ETF,'RYHE,'ADI38GSV5,'1RY 3 C236,,,ROYAL BANKOF CANADA,-2,.13,1,.13,0,-26,0,1
HRQUA,Harvest Royal Bank Enhanced High Income Shares ETF,'RYHE,'ADI38NNS2,'RY 3 C238,,,ROYAL BANKOF CANADA,-4,.65,1,.65,0,-260,0,1
HRQVA,Harvest Shopify Enhanced High Income Shares ETF,'SHPE,'14799D9W9,,,,CASH COUPON CAD,-56000,100,1,100,0,-56000,0,1
HRQVA,Harvest Shopify Enhanced High Income Shares ETF,'SHPE,'ADI38GQW5,'1SHOP 3 C156,,,SHOPIFY INC,-2,11.35,1,11.35,0,-2270,0,1
HRQVA,Harvest Shopify Enhanced High Income Shares ETF,'SHPE,'ADI38KXN8,'SHOP 3 C160,,,SHOPIFY INC,-1,11,1,11,0,-1100,0,1
HRQVA,Harvest Shopify Enhanced High Income Shares ETF,'SHPE,'ADI38NNZ6,'SHOP 3 C180,,,SHOPIFY INC,-3,2.93,1,2.93,0,-879,0,1
HRQWA,Harvest TD Bank Enhanced High Income Shares ETF,'TDHE,'14799D9W9,,,,CASH COUPON CAD,-96000,100,1,100,0,-96000,0,1
HRQWA,Harvest TD Bank Enhanced High Income Shares ETF,'TDHE,'ADI38GS86,'1TD 3 C136,,,TORONTO-DOMINION BANK/THE,-5,.3,1,.3,0,-150,0,1
HRQWA,Harvest TD Bank Enhanced High Income Shares ETF,'TDHE,'ADI38NLQ8,'TD 3 C134,,,TORONTO-DOMINION BANK/THE,-8,1.65,1,1.65,0,-1320,0,1
HRQXA,Harvest Suncor Enhanced High Income Shares ETF,'SUHE,'14799D9W9,,,,CASH COUPON CAD,-106000,100,1,100,0,-106000,0,1
HRQXA,Harvest Suncor Enhanced High Income Shares ETF,'SUHE,'ADI38NRJ8,'SU 3 C77,,,SUNCOR ENERGY INC,-4,2.515,1,2.515,0,-1006,0,1
HRQXA,Harvest Suncor Enhanced High Income Shares ETF,'SUHE,'ADI38TBP8,'1SU 4 C80,,,SUNCOR ENERGY INC,-18,1.78,1,1.78,0,-3204,0,1
HRQYA,Harvest BCE Enhanced High Income Shares ETF,'BCEE,'14799D9W9,,,,CASH COUPON CAD,-72000,100,1,100,0,-72000,0,1
HRQYA,Harvest BCE Enhanced High Income Shares ETF,'BCEE,'ADI38GS45,'1BCE 3 C35,,,BCE INC,-15,1.15,1,1.15,0,-1725,0,1
HRQYA,Harvest BCE Enhanced High Income Shares ETF,'BCEE,'ADI38NPQ4,'BCE 3 C35.5,,,BCE INC,-16,.79,1,.79,0,-1264,0,1
HRQZA,Harvest TELUS Enhanced High Income Shares ETF,'TEHE,'14799D9W9,,,,CASH COUPON CAD,-56000,100,1,100,0,-56000,0,1
HRQZA,Harvest TELUS Enhanced High Income Shares ETF,'TEHE,'ADI38GSL7,'1T 3 C20,,,TELUS CORP,-27,.075,1,.075,0,-202.5,0,1
HRQZA,Harvest TELUS Enhanced High Income Shares ETF,'TEHE,'ADI38NPS0,'T 3 C19,,,TELUS CORP,-22,.105,1,.105,0,-231,0,1
HRRAA
HRRAU
HRT0A,Harvest Energy Leaders Plus Income ETF Class A,'HPF,,,,,FWDCAD,62640,1,1,1,0,62640,0,1
HRT0A,Harvest Energy Leaders Plus Income ETF Class A,'HPF,,,,,FWDUSD20260320,-18366,1.365959,1,1.365959,0,-25087.2,0,1
HRT0A,Harvest Energy Leaders Plus Income ETF Class A,'HPF,,,,,FWDUSD20260402,-27551,1.365197,1,1.365197,0,-37612.54,0,1
HRT0U,Harvest Energy Leaders Plus Income ETF Class U,'HPF.U,'ADI38L2F7,'EQNR 3 C30,,,EQUINOR ASA,-1,1.8,1,1.8,0,-180,0,1
HRT0U,Harvest Energy Leaders Plus Income ETF Class U,'HPF.U,'ADI38PJR4,'APA 3 C29.5,,,APA CORP,-1,2.75,1,2.75,0,-275,0,1
HRT9A,Harvest Brand Leaders Plus Income ETF Class A,'HBF,,,,,FWDCAD,262707,1,1,1,0,262707,0,1
HRT9A,Harvest Brand Leaders Plus Income ETF Class A,'HBF,,,,,FWDUSD20260326,-44887,1.365607,1,1.365607,0,-61298,0,1
HRT9A,Harvest Brand Leaders Plus Income ETF Class A,'HBF,,,,,FWDUSD20260305,-50079,1.366841,1,1.366841,0,-68450.03,0,1
HRT9A,Harvest Brand Leaders Plus Income ETF Class A,'HBF,,,,,FWDUSD20260320,-54117,1.365959,1,1.365959,0,-73921.6,0,1
HRT9A,Harvest Brand Leaders Plus Income ETF Class A,'HBF,,,,,FWDUSD20260402,-44225,1.365197,1,1.365197,0,-60375.84,0,1
HRT9A,Harvest Brand Leaders Plus Income ETF Class A,'HBF,'ADI38PM82,'VZ 3 C51,,,VERIZON COMMUNICATIONS INC,-1,1.03,.731582,1.407908,0,-140.79,0,1
HRT9B,Harvest Brand Leaders Plus Income ETF Class B,'HBF.B,'ADI38PM82,'VZ 3 C51,,,VERIZON COMMUNICATIONS INC,-1,1.03,.731582,1.407908,0,-140.79,0,1
HRT9U,Harvest Brand Leaders Plus Income ETF Class U,'HBF.U,'ADI38PMR0,'CSCO 3 C79,,,CISCO SYSTEMS INC,-1,1.97,1,1.97,0,-197,0,1
HRT9U,Harvest Brand Leaders Plus Income ETF Class U,'HBF.U,'ADI38PM82,'VZ 3 C51,,,VERIZON COMMUNICATIONS INC,-1,1.03,1,1.03,0,-103,0,1
HRTF,Harvest Global Gold Giants Index ETF,'HGGG,'ACI014TH7,'EVN,'B3X0F91,AU000000EVN4,EVOLUTIONMINING LTD,9017,16.87,1.038663,16.242034,0,146454.42,0,1
HRTF,Harvest Global Gold Giants Index ETF,'HGGG,'671745909,'NST,'6717456,AU000000NST8,NORTHERN STAR RESOURCES LTD,4764,30.71,1.038663,29.566857,0,140856.51,0,1
HRTF,Harvest Global Gold Giants Index ETF,'HGGG,'BL6K5J907,'EDV,'BL6K5J4,GB00BL6K5J42,ENDEAVOURMINING PLC,1566,48.66,.54753,88.871843,0,139173.31,0,1
HRTGA,Harvest Global REIT Leaders Income ETF,'HGR,'069286904,'UTG,'0692861,GB0006928617,UNITE GROUP PLC/THE,367,4.96,.54753,9.058864,0,3324.6,0,1
HRTGA,Harvest Global REIT Leaders Income ETF,'HGR,'656387909,'CLAR,'6563875,SG1M77906915,CAPITALANDASCENDAS REIT,2400,2.65,.934158,2.836779,0,6808.27,0,1
HRTGA,Harvest Global REIT Leaders Income ETF,'HGR,'B03FYZ909,'GMG,'B03FYZ4,AU000000GMG2,GOODMAN GROUP,138,28.17,1.038663,27.121405,0,3742.75,0,1
HRTGA,Harvest Global REIT Leaders Income ETF,'HGR,'B01287901,'PSPN,'B012877,CH0018294154,PSP SWISSPROPERTY AG REG,17,164.1,.571476,287.151166,0,4881.57,0,1
HRTGA,Harvest Global REIT Leaders Income ETF,'HGR,'BNGNB7905,'MRL,'BNGNB77,ES0105025003,MERLIN PROPERTIES SOCIMI SA,306,14.13,.629724,22.438402,0,6866.15,0,1
HRTGA,Harvest Global REIT Leaders Income ETF,'HGR,'ACI0B5V31,'KDCREIT,'BT9Q186,SG1AF6000009,KEPPEL DCREIT,2800,2.29,.934158,2.451405,0,6863.93,0,1
HRTGA,Harvest Global REIT Leaders Income ETF,'HGR,,,,,FWDCAD,130175,1,1,1,0,130175,0,1
HRTGA,Harvest Global REIT Leaders Income ETF,'HGR,,,,,FWDUSD20260326,-70519,1.365607,1,1.365607,0,-96301.24,0,1
HRTGA,Harvest Global REIT Leaders Income ETF,'HGR,'ADI38PM90,'DOC 3 C17.5,,,HEALTHPEAKPROPERTIES INC,-1,.42,.731582,.574098,0,-57.41,0,1
HRTGA,Harvest Global REIT Leaders Income ETF,'HGR,'ADI38Q845,'PSPN 3 C166.00,,,PSP SWISSPROPERTY AG,-3,.0139,.571476,.024323,0,-7.3,0,1
HRTGA,Harvest Global REIT Leaders Income ETF,'HGR,'ADI38Q811,'MRL 3 C14.5,,,MERLIN PROPERTIES SOCIMI SA,-101,.0016,.629724,.002541,0,-25.66,0,1
HRTGA,Harvest Global REIT Leaders Income ETF,'HGR,,,,,FWDAUD20260330,-3924,.961616,1,.961616,0,-3773.38,0,1
HRTGA,Harvest Global REIT Leaders Income ETF,'HGR,,,,,FWDCHF20260330,-3789,1.752762,1,1.752762,0,-6641.22,0,1
HRTGA,Harvest Global REIT Leaders Income ETF,'HGR,,,,,FWDEUR20260330,-4122,1.588223,1,1.588223,0,-6546.66,0,1
HRTGA,Harvest Global REIT Leaders Income ETF,'HGR,,,,,FWDGBP20260330,-2181,1.824466,1,1.824466,0,-3979.16,0,1
HRTGA,Harvest Global REIT Leaders Income ETF,'HGR,,,,,FWDSGD20260330,-12513,1.071207,1,1.071207,0,-13404.01,0,1
HRTH,Harvest Healthcare Leaders Income ETF Class A,'HHL,,,,,FWDCAD,187257,1,1,1,0,187257,0,1
HRTH,Harvest Healthcare Leaders Income ETF Class A,'HHL,,,,,FWDUSD20260326,-33123,1.365607,1,1.365607,0,-45233,0,1
HRTH,Harvest Healthcare Leaders Income ETF Class A,'HHL,,,,,FWDUSD20260305,-40922,1.366841,1,1.366841,0,-55933.87,0,1
HRTH,Harvest Healthcare Leaders Income ETF Class A,'HHL,,,,,FWDUSD20260320,-30040,1.365959,1,1.365959,0,-41033.41,0,1
HRTH,Harvest Healthcare Leaders Income ETF Class A,'HHL,,,,,FWDUSD20260402,-33769,1.365197,1,1.365197,0,-46101.34,0,1
HRTHB
HRTHU
HRTJ,Blockchain Technologies ETF,'HBLK,'64112G956,'NC,'BYY9B18,CA64112G1054,NETCENTS TECHNOLOGY INC,1235,.01,1,.01,0,12.35,0,1
HRTJ,Blockchain Technologies ETF,'HBLK,'92919V934,'VOYG,'BN7P9F6,CA92919V4055,VOYAGER DIGITAL LTD,1109,.01,1,.01,0,11.09,0,1
HRTM,Harvest Equal Weight Global Utilities Income ETF,'HUTL,'309135903,'BT/A,'3091357,GB0030913577,BT GROUP PLC,4348,2.09,.54753,3.817142,0,16596.93,0,1
HRTM,Harvest Equal Weight Global Utilities Income ETF,'HUTL,'584235907,'DTE,'5842359,DE0005557508,DEUTSCHE TELEKOM AG REG,294,32.62,.629724,51.800471,0,15229.34,0,1
HRTM,Harvest Equal Weight Global Utilities Income ETF,'HUTL,'557955903,'FORTUM,'5579550,FI0009007132,FORTUM OYJ,512,19.865,.629724,31.545566,0,16151.33,0,1
HRTM,Harvest Equal Weight Global Utilities Income ETF,'HUTL,'517617908,'ORA,'5176177,FR0000133308,ORANGE,589,17.81,.629724,28.282232,0,16658.23,0,1
HRTM,Harvest Equal Weight Global Utilities Income ETF,'HUTL,'565042900,'NTGY,'5650422,ES0116870314,NATURGY ENERGY GROUP SA,400,24.78,.629724,39.350573,0,15740.23,0,1
HRTM,Harvest Equal Weight Global Utilities Income ETF,'HUTL,'595607904,'KPN,'5956078,NL0000009082,KONINKLIJKE KPN NV,2203,4.77,.629724,7.574747,0,16687.17,0,1
HRTM,Harvest Equal Weight Global Utilities Income ETF,'HUTL,'B1FH8J905,'SVT,'B1FH8J7,GB00B1FH8J72,SEVERN TRENT PLC,285,31.69,.54753,57.878107,0,16495.26,0,1
HRTM,Harvest Equal Weight Global Utilities Income ETF,'HUTL,'553397902,'SCMN,'5533976,CH0008742519,SWISSCOM AG REG,13,715.5,.571476,1252.021082,0,16276.27,0,1
HRTM,Harvest Equal Weight Global Utilities Income ETF,'HUTL,'473249902,'TEL,'4732495,NO0010063308,TELENOR ASA,666,171.7,7.07122,24.281524,0,16171.49,0,1
HRTM,Harvest Equal Weight Global Utilities Income ETF,'HUTL,'597838903,'TELIA,'5978384,SE0000667925,TELIA CO AB,2403,45.31,6.770466,6.692302,0,16081.6,0,1
HRTM,Harvest Equal Weight Global Utilities Income ETF,'HUTL,'B39J2M903,'UU/,'B39J2M4,GB00B39J2M42,UNITED UTILITIES GROUP PLC,667,13.45,.54753,24.564864,0,16384.76,0,1
HRTM,Harvest Equal Weight Global Utilities Income ETF,'HUTL,'403187909,'VIE,'4031879,FR0000124141,VEOLIA ENVIRONNEMENT,297,33.25,.629724,52.80091,0,15681.87,0,1
HRTM,Harvest Equal Weight Global Utilities Income ETF,'HUTL,'466160009,'VER,'4661607,AT0000746409,VERBUND AG,171,63,.629724,100.043829,0,17107.49,0,1
HRTM,Harvest Equal Weight Global Utilities Income ETF,'HUTL,'ACI07KLY6,'VOD,'BH4HKS3,GB00BH4HKS39,VODAFONE GROUP PLC,7770,1.108,.54753,2.023633,0,15723.63,0,1
HRTM,Harvest Equal Weight Global Utilities Income ETF,'HUTL,'BDR05C901,'NG/,'BDR05C0,GB00BDR05C01,NATIONAL GRID PLC,663,13.455,.54753,24.573996,0,16292.56,0,1
HRTM,Harvest Equal Weight Global Utilities Income ETF,'HUTL,,,,,FWDCAD,396756,1,1,1,0,396756,0,1
HRTM,Harvest Equal Weight Global Utilities Income ETF,'HUTL,,,,,FWDUSD20260326,-54270,1.365607,1,1.365607,0,-74111.49,0,1
HRTM,Harvest Equal Weight Global Utilities Income ETF,'HUTL,,,,,FWDUSD20260305,-49556,1.366841,1,1.366841,0,-67735.17,0,1
HRTM,Harvest Equal Weight Global Utilities Income ETF,'HUTL,'ADI38HFP0,'T 3 C29,,,AT+T INC,-1,.51,.731582,.697119,0,-69.71,0,1
HRTM,Harvest Equal Weight Global Utilities Income ETF,'HUTL,'ADI38NTV9,'BCE 3 C36,,,BCE INC,-1,.52,1,.52,0,-52,0,1
HRTM,Harvest Equal Weight Global Utilities Income ETF,'HUTL,'ADI38PLJ9,'PPL 3 C61,,,PEMBINA PIPELINE CORP,-1,1.1,1,1.1,0,-110,0,1
HRTM,Harvest Equal Weight Global Utilities Income ETF,'HUTL,'ADI38Q803,'BTG 3 C215,,,BT GROUP PLC,-1304,.000035,.54753,.000064,0,-83.46,0,1
HRTM,Harvest Equal Weight Global Utilities Income ETF,'HUTL,'ADI38Q8C7,'FTE 3 C18.40,,,ORANGE SA,-177,.002,.629724,.003176,0,-56.22,0,1
HRTM,Harvest Equal Weight Global Utilities Income ETF,'HUTL,'ADI38Q8J2,'SCMN 3 C730.00,,,SWISSCOM AG,-3,.778,.571476,1.361387,0,-40.84,0,1
HRTM,Harvest Equal Weight Global Utilities Income ETF,'HUTL,'ADI38Q704,'VOD 3 C118,,,VODAFONE GROUP PLC,-1166,.000005,.54753,.000009,0,-10.49,0,1
HRTM,Harvest Equal Weight Global Utilities Income ETF,'HUTL,'ADI38Q8D5,'NGG 3 C1400,,,NATIONAL GRID PLC,-166,.00011,.54753,.000201,0,-33.37,0,1
HRTM,Harvest Equal Weight Global Utilities Income ETF,'HUTL,'ADI38Q829,'VI1 3 C36,,,VEOLIA ENVIRONNEMENT SA,-89,.0009,.629724,.001429,0,-12.72,0,1
HRTM,Harvest Equal Weight Global Utilities Income ETF,'HUTL,'ADI38Q7Z7,'SVT 3 C3225,,,SEVERN TRENT PLC,-28,.00034,.54753,.000621,0,-17.39,0,1
HRTM,Harvest Equal Weight Global Utilities Income ETF,'HUTL,'ADI38Q6Z8,'KPN 3 C4.8,,,KONINKLIJKE KPN NV,-551,.0008,.629724,.00127,0,-69.98,0,1
HRTM,Harvest Equal Weight Global Utilities Income ETF,'HUTL,'ADI38Q8F0,'TLSN 3 C47,,,TELIA CO AB,-721,.0026,6.770466,.000384,0,-27.69,0,1
HRTM,Harvest Equal Weight Global Utilities Income ETF,'HUTL,'ADI38Q8B9,'FORTUM 3 C20.00,,,FORTUM OYJ,-77,.00632,.629724,.010036,0,-77.28,0,1
HRTM,Harvest Equal Weight Global Utilities Income ETF,'HUTL,'ADI38Q7X2,'VER 3 C61.00,,,VERBUND AG,-34,.0315,.629724,.050022,0,-170.07,0,1
HRTM,Harvest Equal Weight Global Utilities Income ETF,'HUTL,'ADI38Q7Y0,'UUL 3 C1400,,,UNITED UTILITIES GROUP PLC,-133,.000072,.54753,.000131,0,-17.42,0,1
HRTM,Harvest Equal Weight Global Utilities Income ETF,'HUTL,,,,,FWDNOK20260330,-115776,.14125,1,.14125,0,-16353.36,0,1
HRTM,Harvest Equal Weight Global Utilities Income ETF,'HUTL,,,,,FWDSEK20260330,-164327,.147739,1,.147739,0,-24277.51,0,1
HRTM,Harvest Equal Weight Global Utilities Income ETF,'HUTL,,,,,FWDCHF20260330,-9502,1.752762,1,1.752762,0,-16654.74,0,1
HRTM,Harvest Equal Weight Global Utilities Income ETF,'HUTL,,,,,FWDEUR20260330,-71284,1.588223,1,1.588223,0,-113214.89,0,1
HRTM,Harvest Equal Weight Global Utilities Income ETF,'HUTL,,,,,FWDGBP20260330,-44695,1.824466,1,1.824466,0,-81544.51,0,1
HRTM,Harvest Equal Weight Global Utilities Income ETF,'HUTL,'ADI38QVR8,'KMI 3 C33,,,KINDER MORGAN INC,-1,1.49,.731582,2.036682,0,-203.67,0,1
HRTM,Harvest Equal Weight Global Utilities Income ETF,'HUTL,'ADI38QV31,'CMCSA 3 C32,,,COMCAST CORP,-1,.53,.731582,.724457,0,-72.45,0,1
HRTM,Harvest Equal Weight Global Utilities Income ETF,'HUTL,'ADI38QVP2,'RCI 3 C55,,,ROGERS COMMUNICATIONS INC,-1,.78,1,.78,0,-78,0,1
HRTM,Harvest Equal Weight Global Utilities Income ETF,'HUTL,'ADI38QV15,'EIX 3 C77.5,,,EDISON INTERNATIONAL,-1,.47,.731582,.642443,0,-64.24,0,1
HRTP,Harvest US Bank Leaders Income ETF Class A,'HUBL,,,,,FWDCAD,352001,1,1,1,0,352001,0,1
HRTP,Harvest US Bank Leaders Income ETF Class A,'HUBL,,,,,FWDUSD20260326,-151256,1.365607,1,1.365607,0,-206556.25,0,1
HRTP,Harvest US Bank Leaders Income ETF Class A,'HUBL,,,,,FWDUSD20260305,-109026,1.366841,1,1.366841,0,-149021.21,0,1
HRTP,Harvest US Bank Leaders Income ETF Class A,'HUBL,'ADI38PJV5,'HBAN 3 C18,,,HUNTINGTONBANCSHARES INC/OH,-3,.1,.731582,.13669,0,-41.01,0,1
HRTP,Harvest US Bank Leaders Income ETF Class A,'HUBL,'ADI38PL75,'RF 3 C29,,,REGIONS FINANCIAL CORP,-2,.37,.731582,.505753,0,-101.15,0,1
HRTP,Harvest US Bank Leaders Income ETF Class A,'HUBL,'ADI38PMP4,'USB 3 C57,,,US BANCORP,-1,.42,.731582,.574098,0,-57.41,0,1
HRTP,Harvest US Bank Leaders Income ETF Class A,'HUBL,'ADI38PLY6,'CFG 3 C62.5,,,CITIZENS FINANCIAL GROUP INC,-1,.65,.731582,.888486,0,-88.85,0,1
HRTP,Harvest US Bank Leaders Income ETF Class A,'HUBL,'ADI38PL42,'TFC 3 C52.5,,,TRUIST FINANCIAL CORP,-1,.33,.731582,.451077,0,-45.11,0,1
HRTPU,Harvest US Bank Leaders Income ETF Class U,'HUBL.U,'ADI38PJ03,'BAC 3 C52,,,BANK OF AMERICA CORP,-1,.52,1,.52,0,-52,0,1
HRTPU,Harvest US Bank Leaders Income ETF Class U,'HUBL.U,'ADI38PJV5,'HBAN 3 C18,,,HUNTINGTONBANCSHARES INC/OH,-5,.1,1,.1,0,-50,0,1
HRTPU,Harvest US Bank Leaders Income ETF Class U,'HUBL.U,'ADI38PL75,'RF 3 C29,,,REGIONS FINANCIAL CORP,-3,.37,1,.37,0,-111,0,1
HRTPU,Harvest US Bank Leaders Income ETF Class U,'HUBL.U,'ADI38PMP4,'USB 3 C57,,,US BANCORP,-1,.42,1,.42,0,-42,0,1
HRTPU,Harvest US Bank Leaders Income ETF Class U,'HUBL.U,'ADI38PMH2,'WFC 3 C86,,,WELLS FARGO + CO,-1,1.23,1,1.23,0,-123,0,1
HRTPU,Harvest US Bank Leaders Income ETF Class U,'HUBL.U,'ADI38PMK5,'MS 3 C170,,,MORGAN STANLEY,-1,3.52,1,3.52,0,-352,0,1
HRTPU,Harvest US Bank Leaders Income ETF Class U,'HUBL.U,'ADI38PLY6,'CFG 3 C62.5,,,CITIZENS FINANCIAL GROUP INC,-1,.65,1,.65,0,-65,0,1
HRTPU,Harvest US Bank Leaders Income ETF Class U,'HUBL.U,'ADI38PL42,'TFC 3 C52.5,,,TRUIST FINANCIAL CORP,-2,.33,1,.33,0,-66,0,1
HRTXA,Harvest Clean Energy ETF,'HCLN,'B1VNSX901,'DRX,'B1VNSX3,GB00B1VNSX38,DRAX GROUPPLC,165,8.66,.54753,15.816485,0,2609.72,0,1
HRTXA,Harvest Clean Energy ETF,'HCLN,'B28XTR905,'3800,'B28XTR4,KYG3774X1088,GCL TECHNOLOGY HOLDINGS LTD,14000,1.11,5.710001,.194396,0,2721.54,0,1
HRTXA,Harvest Clean Energy ETF,'HCLN,'533709903,'ERG,'5337093,IT0001157020,ERG SPA,72,23.84,.629724,37.857855,0,2725.77,0,1
HRTXA,Harvest Clean Energy ETF,'HCLN,'B4Q2TX906,'916,'B4Q2TX3,CNE100000HD4,CHINA LONGYUAN POWER GROUP H,2000,7.65,5.710001,1.339755,0,2679.51,0,1
HRTXA,Harvest Clean Energy ETF,'HCLN,'B39GNW904,'EDPR,'B39GNW2,ES0127797019,EDP RENOVAVEIS SA,126,12.57,.629724,19.961126,0,2515.1,0,1
HRTXA,Harvest Clean Energy ETF,'HCLN,'466160009,'VER,'4661607,AT0000746409,VERBUND AG,30,63,.629724,100.043829,0,3001.31,0,1
HRTXA,Harvest Clean Energy ETF,'HCLN,'B06CF7906,'NDX1,'B06CF71,DE000A0D6554,NORDEX SE,49,40.84,.629724,64.853809,0,3177.84,0,1
HRTXA,Harvest Clean Energy ETF,'HCLN,'615252905,'CEN,'6152529,NZCENE0001S6,CONTACT ENERGY LTD,345,9.35,1.241759,7.529641,0,2597.73,0,1
HRTXA,Harvest Clean Energy ETF,'HCLN,'B1FQQK902,'VBK,'B1FQQK1,DE000A0JL9W6,VERBIO SE,65,25.82,.629724,41.00209,0,2665.14,0,1
HRTXA,Harvest Clean Energy ETF,'HCLN,'ACI05YT61,'MCY,'B8W6K56,NZMRPE0001S2,MERCURY NZLTD,491,6.45,1.241759,5.194245,0,2550.37,0,1
HRTXA,Harvest Clean Energy ETF,'HCLN,'BGQYNN907,'968,'BGQYNN1,KYG9829N1025,XINYI SOLAR HOLDINGS LTD,4000,3.11,5.710001,.544658,0,2178.63,0,1
HRTXA,Harvest Clean Energy ETF,'HCLN,'BWFD05904,'MEL,'BWFD052,NZMELE0002S7,MERIDIAN ENERGY LTD,572,5.61,1.241759,4.517785,0,2584.17,0,1
HRTXA,Harvest Clean Energy ETF,'HCLN,'BQSSWW906,'SCATC,'BQSSWW3,NO0010715139,SCATEC ASA,158,115.4,7.07122,16.319673,0,2578.51,0,1
HRTXA,Harvest Clean Energy ETF,'HCLN,'BYT16L900,'ORSTED,'BYT16L4,DK0060094928,ORSTED A/S,89,144.6,4.704916,30.733811,0,2735.31,0,1
HRTXA,Harvest Clean Energy ETF,'HCLN,'BF41XY900,'LAND,'BF41XY8,CH0371153492,LANDIS   GYR GROUP AG,31,51.4,.571476,89.942535,0,2788.22,0,1
HRTXA,Harvest Clean Energy ETF,'HCLN,'B1YVKJ909,'SLR,'B1YVKJ4,ES0165386014,SOLARIA ENERGIA Y MEDIO AMBI,94,18.885,.629724,29.989329,0,2819,0,1
HRTXA,Harvest Clean Energy ETF,'HCLN,'BZ2JBQ900,'GRE,'BZ2JBQ2,ES0105079000,GRENERGY RENOVABLES,18,99.4,.629724,157.84693,0,2841.24,0,1
HRTXA,Harvest Clean Energy ETF,'HCLN,'BMYDHR909,'CADLR,'BMYDHR4,DK0061412772,CADELER A/S,351,59.55,7.07122,8.421461,0,2955.93,0,1
HRTXA,Harvest Clean Energy ETF,'HCLN,'BN4MYF907,'VWS,'BN4MYF5,DK0061539921,VESTAS WIND SYSTEMS A/S,67,156.05,4.704916,33.167436,0,2222.22,0,1
HRTXA,Harvest Clean Energy ETF,'HCLN,'BP7L89904,'ANE,'BP7L895,ES0105563003,CORP ACCIONA ENERGIAS RENOVA,78,19.86,.629724,31.537626,0,2459.93,0,1
HRTXA,Harvest Clean Energy ETF,'HCLN,'BTQGS7908,'MTLN,'BTQGS77,GB00BTQGS779,METLEN ENERGY + METALS,44,33.6,.629724,53.356709,0,2347.7,0,1
HRTYA
HRTYU
HRV1A,Harvest Tesla Enhanced High Income Shares ETF Class A,'TSLY,'14799D9S8,,,,CASH COUPON USD,-33000,100,.731582,136.690077,0,-45107.73,0,1
HRV1A,Harvest Tesla Enhanced High Income Shares ETF Class A,'TSLY,'ADI38NTS6,'TSLA 3 C415,,,TESLA INC,-1,6.2,.731582,8.474785,0,-847.48,0,1
HRV2A,Harvest Coinbase High Income Shares ETF Class A,'CONY,'ADI38GQQ8,'COIN 3 C170,,,COINBASE GLOBAL INC,-1,14.07,.731582,19.232294,0,-1923.23,0,1
HRV2A,Harvest Coinbase High Income Shares ETF Class A,'CONY,'ADI38NLH8,'COIN 3 C175,,,COINBASE GLOBAL INC,-1,16.25,.731582,22.212138,0,-2221.21,0,1
HRV3A,Harvest Meta Enhanced High Income Shares ETF Class A,'METE,'14799D9S8,,,,CASH COUPON USD,-45000,100,.731582,136.690077,0,-61510.53,0,1
HRV3A,Harvest Meta Enhanced High Income Shares ETF Class A,'METE,'ADI38GSK9,'META 3 C675,,,META PLATFORMS INC,-1,2.31,.731582,3.157541,0,-315.75,0,1
HRV3A,Harvest Meta Enhanced High Income Shares ETF Class A,'METE,'ADI38NTL1,'META 3 C665,,,META PLATFORMS INC,-1,14.86,.731582,20.312145,0,-2031.21,0,1
HRV4A,Harvest MicroStrategy High Income Shares ETF Class A,'MSTY,'ADI38GSB9,'MSTR 3 C140,,,STRATEGY INC,-1,1.51,.731582,2.06402,0,-206.4,0,1
HRV4A,Harvest MicroStrategy High Income Shares ETF Class A,'MSTY,'ADI38NLL9,'MSTR 3 C140,,,STRATEGY INC,-1,5.94,.731582,8.119391,0,-811.94,0,1
HRV5A,Harvest Palantir Enhanced High Income Shares ETF Class A,'PLTE,'14799D9S8,,,,CASH COUPON USD,-87000,100,.731582,136.690077,0,-118920.37,0,1
HRV5A,Harvest Palantir Enhanced High Income Shares ETF Class A,'PLTE,'ADI38GSW3,'PLTR 3 C140,,,PALANTIR TECHNOLOGIES INC,-3,8.48,.731582,11.591319,0,-3477.4,0,1
HRV5A,Harvest Palantir Enhanced High Income Shares ETF Class A,'PLTE,'ADI38KX32,'PLTR 3 C140,,,PALANTIR TECHNOLOGIES INC,-3,10.34,.731582,14.133754,0,-4240.13,0,1
HRV5A,Harvest Palantir Enhanced High Income Shares ETF Class A,'PLTE,'ADI38NTN7,'PLTR 3 C140,,,PALANTIR TECHNOLOGIES INC,-4,11.75,.731582,16.061084,0,-6424.43,0,1
HRV5A,Harvest Palantir Enhanced High Income Shares ETF Class A,'PLTE,'ADI38S1P1,'PLTR 3 C140,,,PALANTIR TECHNOLOGIES INC,-2,12.9,.731582,17.63302,0,-3526.6,0,1
HRV6A,Harvest Costco Enhanced High Income Shares ETF - Class A,'COSY,'14799D9S8,,,,CASH COUPON USD,-44000,100,.731582,136.690077,0,-60143.63,0,1
HRV7A,Harvest Alphabet Enhanced High Income Shares ETF - Class A,'GOGY,'14799D9S8,,,,CASH COUPON USD,-85000,100,.731582,136.690077,0,-116186.57,0,1
HRV7A,Harvest Alphabet Enhanced High Income Shares ETF - Class A,'GOGY,'ADI38GS60,'GOOGL 3 C335,,,ALPHABET INC,-2,.03,.731582,.041007,0,-8.2,0,1
HRV7A,Harvest Alphabet Enhanced High Income Shares ETF - Class A,'GOGY,'ADI38N4F1,'GOOGL 3 C320,,,ALPHABET INC,-3,2.87,.731582,3.923005,0,-1176.9,0,1
HRV8A,Harvest MicroStrategy Enhanced High Income Shares ETF - Class A,'MSTE,'14799D9S8,,,,CASH COUPON USD,-16000,100,.731582,136.690077,0,-21870.41,0,1
HRV8A,Harvest MicroStrategy Enhanced High Income Shares ETF - Class A,'MSTE,'ADI38GSB9,'MSTR 3 C140,,,STRATEGY INC,-1,1.51,.731582,2.06402,0,-206.4,0,1
HRV8A,Harvest MicroStrategy Enhanced High Income Shares ETF - Class A,'MSTE,'ADI38KX40,'MSTR 3 C140,,,STRATEGY INC,-1,4.05,.731582,5.535948,0,-553.59,0,1
HRV8A,Harvest MicroStrategy Enhanced High Income Shares ETF - Class A,'MSTE,'ADI38NLL9,'MSTR 3 C140,,,STRATEGY INC,-1,5.94,.731582,8.119391,0,-811.94,0,1
HRV9A,Harvest Netflix Enhanced High Income Shares ETF - Class A,'NFLY,'14799D9S8,,,,CASH COUPON USD,-42000,100,.731582,136.690077,0,-57409.83,0,1
HRV9A,Harvest Netflix Enhanced High Income Shares ETF - Class A,'NFLY,'ADI38GSX1,'NFLX 3 C83,,,NETFLIX INC,-4,14.9,.731582,20.366821,0,-8146.73,0,1
HRV9A,Harvest Netflix Enhanced High Income Shares ETF - Class A,'NFLY,'ADI38NLN5,'NFLX 3 C79,,,NETFLIX INC,-3,19.25,.731582,26.31284,0,-7893.85,0,1
HRVFA
HRVGA,Harvest Travel & Leisure Income ETF Class A,'TRVI,,,,,FWDCAD,505760,1,1,1,0,505760,0,1
HRVGA,Harvest Travel & Leisure Income ETF Class A,'TRVI,,,,,FWDUSD20260326,-161934,1.365607,1,1.365607,0,-221138.2,0,1
HRVGA,Harvest Travel & Leisure Income ETF Class A,'TRVI,,,,,FWDUSD20260305,-211781,1.366841,1,1.366841,0,-289470.95,0,1
HRVGA,Harvest Travel & Leisure Income ETF Class A,'TRVI,'ADI38PJC7,'AC 3 C20.5,,,AIR CANADA,-1,.27,1,.27,0,-27,0,1
HRVGA,Harvest Travel & Leisure Income ETF Class A,'TRVI,'ADI38PKG6,'DAL 3 C68,,,DELTA AIRLINES INC,-1,2.02,.731582,2.76114,0,-276.11,0,1
HRVGA,Harvest Travel & Leisure Income ETF Class A,'TRVI,'ADI38PJB9,'CCL 3 C30.5,,,CARNIVAL CORP,-2,.67,.731582,.915824,0,-183.16,0,1
HRVGA,Harvest Travel & Leisure Income ETF Class A,'TRVI,'ADI38PLP5,'LVS 3 C56,,,LAS VEGASSANDS CORP,-1,2.1,.731582,2.870492,0,-287.05,0,1
HRVGA,Harvest Travel & Leisure Income ETF Class A,'TRVI,'ADI38PJ37,'NCLH 3 C23.5,,,NORWEGIANCRUISE LINE HOLDINGS,-1,.42,.731582,.574098,0,-57.41,0,1
HRVGA,Harvest Travel & Leisure Income ETF Class A,'TRVI,'ADI387T02,'HST 3 C20,,,HOST HOTELS + RESORTS INC,-1,.28,.731582,.382732,0,-38.27,0,1
HRVGA,Harvest Travel & Leisure Income ETF Class A,'TRVI,'ADI38PKP6,'AAL 3 C13.5,,,AMERICAN AIRLINES GROUP INC,-1,.31,.731582,.423739,0,-42.37,0,1
HRVGA,Harvest Travel & Leisure Income ETF Class A,'TRVI,'ADI38PJ45,'LUV 3 C51,,,SOUTHWESTAIRLINES CO,-1,1.04,.731582,1.421577,0,-142.16,0,1
HRVJA,Harvest Canadian T-Bill ETF - Class A,'TBIL,'1350Z7DY7,,,CA1350Z7DY71,CANADA T BILL,195000,99.8686,1,99.8686,0,194743.77,0,1
HRVJA,Harvest Canadian T-Bill ETF - Class A,'TBIL,'1350Z7D35,,,CA1350Z7D351,CANADA T BILL,218000,99.69784,1,99.69784,0,217341.29,0,1
HRVJA,Harvest Canadian T-Bill ETF - Class A,'TBIL,'1350Z7D68,,,CA1350Z7D682,CANADA T BILL,258000,99.53053,1,99.53053,0,256788.77,0,1
HRVJA,Harvest Canadian T-Bill ETF - Class A,'TBIL,'1350Z7EG5,,,CA1350Z7EG56,CANADA T BILL,176000,99.95114,1,99.95114,0,175914.01,0,1
HRVJA,Harvest Canadian T-Bill ETF - Class A,'TBIL,'1350Z7EJ9,,,CA1350Z7EJ95,CANADA T BILL,194000,99.78336,1,99.78336,0,193579.72,0,1
HRVJA,Harvest Canadian T-Bill ETF - Class A,'TBIL,'1350Z7EL4,,,CA1350Z7EL42,CANADA T BILL,203000,99.6141,1,99.6141,0,202216.62,0,1
HRVJA,Harvest Canadian T-Bill ETF - Class A,'TBIL,'1350Z7EN0,,,CA1350Z7EN08,CANADA T BILL,10000,99.4462,1,99.4462,0,9944.62,0,1
HRVLA,Harvest Premium Yield 7-10 Year Treasury ETF - Class A,'HPYM,,,,,FWDCAD,264470,1,1,1,0,264470,0,1
HRVLA,Harvest Premium Yield 7-10 Year Treasury ETF - Class A,'HPYM,,,,,FWDUSD20260320,-107351,1.365959,1,1.365959,0,-146637.06,0,1
HRVLA,Harvest Premium Yield 7-10 Year Treasury ETF - Class A,'HPYM,'ADI38KVS9,'IEF 3 C97.5,,,ISHARES 7-10 YEAR TREASURY BON,-4,.17,.731582,.232373,0,-92.95,0,1
HRVLA,Harvest Premium Yield 7-10 Year Treasury ETF - Class A,'HPYM,,,,,FWDUSD20260402,-86463,1.365197,1,1.365197,0,-118039.03,0,1
HRVLA,Harvest Premium Yield 7-10 Year Treasury ETF - Class A,'HPYM,'ADI38NTP2,'IEF 3 C98,,,ISHARES 7-10 YEAR TREASURY BON,-2,.24,.731582,.328056,0,-65.61,0,1
HRVLA,Harvest Premium Yield 7-10 Year Treasury ETF - Class A,'HPYM,'ADI38S0Q0,'IEF 4 C98,,,ISHARES 7-10 YEAR TREASURY BON,-3,.26,.731582,.355394,0,-106.62,0,1
HRVLU,Harvest Premium Yield 7-10 Year Treasury ETF - Class U,'HPYM.U,'ADI38KVS9,'IEF 3 C97.5,,,ISHARES 7-10 YEAR TREASURY BON,-6,.17,1,.17,0,-102,0,1
HRVLU,Harvest Premium Yield 7-10 Year Treasury ETF - Class U,'HPYM.U,'ADI38NTP2,'IEF 3 C98,,,ISHARES 7-10 YEAR TREASURY BON,-3,.24,1,.24,0,-72,0,1
HRVLU,Harvest Premium Yield 7-10 Year Treasury ETF - Class U,'HPYM.U,'ADI38S0Q0,'IEF 4 C98,,,ISHARES 7-10 YEAR TREASURY BON,-4,.26,1,.26,0,-104,0,1
HRVNA
HRVOA,Harvest Balanced Income & Growth Enhanced ETF,'HBIE,'14799D9W9,,,,CASH COUPON CAD,-149000,100,1,100,0,-149000,0,1
HRVPA,Harvest Industrial Leaders Income ETF,'HIND,,,,,FWDCAD,151314,1,1,1,0,151314,0,1
HRVPA,Harvest Industrial Leaders Income ETF,'HIND,,,,,FWDUSD20260402,-110932,1.365197,1,1.365197,0,-151444.03,0,1
HRVRA,Harvest Eli Lilly Enhanced High Income Shares ETF Class A,'LLHE,'14799D9S8,,,,CASH COUPON USD,-41000,100,.731582,136.690077,0,-56042.93,0,1
HRVRU,Harvest Eli Lilly Enhanced High Income Shares ETF Class U,'LLHE.U,'14799D9S8,,,,CASH COUPON USD,-56000,100,1,100,0,-56000,0,1
HRVSA,Harvest Microsoft High Income Shares ETF Class A,'MSFH,'ADI38GSH6,'MSFT 3 C415,,,MICROSOFTCORP,-1,1.27,.731582,1.735964,0,-173.6,0,1
HRVSA,Harvest Microsoft High Income Shares ETF Class A,'MSFH,'ADI38NTQ0,'MSFT 3 C410,,,MICROSOFTCORP,-1,8.1,.731582,11.071896,0,-1107.19,0,1
HRVSU,Harvest Microsoft High Income Shares ETF Class U,'MSFH.U,'ADI38GSH6,'MSFT 3 C415,,,MICROSOFTCORP,-1,1.27,1,1.27,0,-127,0,1
HRVSU,Harvest Microsoft High Income Shares ETF Class U,'MSFH.U,'ADI38NTQ0,'MSFT 3 C410,,,MICROSOFTCORP,-1,8.1,1,8.1,0,-810,0,1
HRVUA,Harvest Microsoft Enhanced High Income Shares ETF Class A,'MSHE,'14799D9S8,,,,CASH COUPON USD,-39000,100,.731582,136.690077,0,-53309.13,0,1
HRVUA,Harvest Microsoft Enhanced High Income Shares ETF Class A,'MSHE,'ADI38GSH6,'MSFT 3 C415,,,MICROSOFTCORP,-1,1.27,.731582,1.735964,0,-173.6,0,1
HRVUA,Harvest Microsoft Enhanced High Income Shares ETF Class A,'MSHE,'ADI38NTQ0,'MSFT 3 C410,,,MICROSOFTCORP,-1,8.1,.731582,11.071896,0,-1107.19,0,1
HRVUU,Harvest Microsoft Enhanced High Income Shares ETF Class U,'MSHE.U,'14799D9S8,,,,CASH COUPON USD,-53000,100,1,100,0,-53000,0,1
HRVUU,Harvest Microsoft Enhanced High Income Shares ETF Class U,'MSHE.U,'ADI38GSH6,'MSFT 3 C415,,,MICROSOFTCORP,-1,1.27,1,1.27,0,-127,0,1
HRVUU,Harvest Microsoft Enhanced High Income Shares ETF Class U,'MSHE.U,'ADI38NTQ0,'MSFT 3 C410,,,MICROSOFTCORP,-1,8.1,1,8.1,0,-810,0,1
HRVXA,Harvest NVIDIA High Income Shares ETF Class A,'NVDH,'ADI38F9F3,'NVDA 3 C195,,,NVIDIA CORP,-3,1.93,.731582,2.638118,0,-791.44,0,1
HRVXA,Harvest NVIDIA High Income Shares ETF Class A,'NVDH,'ADI38GS94,'NVDA 3 C190,,,NVIDIA CORP,-1,.29,.731582,.396401,0,-39.64,0,1
HRVXU,Harvest NVIDIA High Income Shares ETF Class U,'NVDH.U,'ADI38F9F3,'NVDA 3 C195,,,NVIDIA CORP,-4,1.93,1,1.93,0,-772,0,1
HRVXU,Harvest NVIDIA High Income Shares ETF Class U,'NVDH.U,'ADI38GS94,'NVDA 3 C190,,,NVIDIA CORP,-2,.29,1,.29,0,-58,0,1
HRVYA,Harvest NVIDIA Enhanced High Income Shares ETF Class A,'NVHE,'14799D9S8,,,,CASH COUPON USD,-53000,100,.731582,136.690077,0,-72445.74,0,1
HRVYA,Harvest NVIDIA Enhanced High Income Shares ETF Class A,'NVHE,'ADI38F9F3,'NVDA 3 C195,,,NVIDIA CORP,-1,1.93,.731582,2.638118,0,-263.81,0,1
HRVYA,Harvest NVIDIA Enhanced High Income Shares ETF Class A,'NVHE,'ADI38GS94,'NVDA 3 C190,,,NVIDIA CORP,-1,.29,.731582,.396401,0,-39.64,0,1
HRVYA,Harvest NVIDIA Enhanced High Income Shares ETF Class A,'NVHE,'ADI38KXV0,'NVDA 3 C190,,,NVIDIA CORP,-1,1.55,.731582,2.118696,0,-211.87,0,1
HRVYA,Harvest NVIDIA Enhanced High Income Shares ETF Class A,'NVHE,'ADI38S1L0,'NVDA 3 C185,,,NVIDIA CORP,-1,6.2,.731582,8.474785,0,-847.48,0,1
HRVYU,Harvest NVIDIA Enhanced High Income Shares ETF Class U,'NVHE.U,'14799D9S8,,,,CASH COUPON USD,-72000,100,1,100,0,-72000,0,1
HRVYU,Harvest NVIDIA Enhanced High Income Shares ETF Class U,'NVHE.U,'ADI38F9F3,'NVDA 3 C195,,,NVIDIA CORP,-2,1.93,1,1.93,0,-386,0,1
HRVYU,Harvest NVIDIA Enhanced High Income Shares ETF Class U,'NVHE.U,'ADI38GS94,'NVDA 3 C190,,,NVIDIA CORP,-1,.29,1,.29,0,-29,0,1
HRVYU,Harvest NVIDIA Enhanced High Income Shares ETF Class U,'NVHE.U,'ADI38KXV0,'NVDA 3 C190,,,NVIDIA CORP,-2,1.55,1,1.55,0,-310,0,1
HRVYU,Harvest NVIDIA Enhanced High Income Shares ETF Class U,'NVHE.U,'ADI38S1L0,'NVDA 3 C185,,,NVIDIA CORP,-2,6.2,1,6.2,0,-1240,0,1